reference_date,income_erosion_v,liquidity_momentum_v,overdraft_v,overdraft_t2,salary_drift_v,tx_freq_v,avg_balance_t2,min_balance_t2,total_out_t2,Default_Probability,Is_Distressed
2021-08-16,0.1083230755758971,0.08258714035959104,0,0,0.0837559718919224,-0.01048951045283388,52456.66431095406,10506.65,594401.85,64.7,True
2021-08-23,0.11693166206898027,0.09581535217166634,0,0,0.085864983648119,-0.024647887237155327,54100.11281588448,10506.65,615442.8,60.7,True
2021-08-30,0.21566055191049274,0.10027021149327385,0,0,0.11542452428108642,0.05555555534979424,52414.78175438597,10506.65,643270.95,56.0,True
2021-09-06,0.0395233979264066,0.01911236687374084,0,0,0.11542452428108642,-0.03472222210165895,52208.89442446044,10506.65,616997.1499999999,47.0,True
2021-09-13,0.03976271091358707,0.006203120449081005,0,0,0.07596168989852758,-0.04095563125953709,52748.22224199288,10506.65,622039.95,46.7,True
2021-09-20,-0.0035609824531171678,0.05548321216109096,0,0,0.018436116761214556,-0.1049180324428917,55552.88333333333,10506.65,599285.4000000001,62.3,True
2021-09-27,0.25617739426009667,0.12878998828012272,0,0,0.38794293416255454,-0.1483870962955255,58215.24810606061,13106.45,596094.7999999999,55.1,True
2021-10-04,0.03611832031731318,0.13759141743878522,0,0,0.06537703573137832,-0.0953947365283068,58393.333090909095,13106.45,629319.5999999999,68.6,True
2021-10-11,0.03628670147837041,0.1314266973098241,0,0,0.06537703573137832,-0.08196721284600914,58626.115,13106.45,640215.45,67.6,True
2021-10-18,0.0587375229526681,0.11775863779749789,0,0,0.06537703573137832,-0.081168830905296,58986.52650176678,13106.45,649194.3500000001,60.6,True
2021-10-25,0.01648883132107804,0.12852719718185274,0,0,0.010583325654702535,-0.10725552016638637,59279.71272084805,13106.45,646039.7999999999,66.7,True
2021-11-01,-0.02548917145534996,0.17648184386955662,0,0,0.01384413968461644,-0.07443365671704319,59483.27097902098,13717.2,580588.4,59.5,True
2021-11-08,0.013521264626710777,0.16611815940484437,0,0,0.0852682726083973,-0.0033898304969836256,59888.21785714285,13717.2,646536.8000000002,56.5,True
2021-11-15,0.013521264626710777,0.1242398224549281,0,0,0.0852682726083973,0.07420494673425813,59526.99259868421,13717.2,646016.7000000001,58.2,True
2021-11-22,-0.006417277096538593,0.09812395797446356,0,0,0.059640780576627854,0.09219858123333836,59217.36363636364,13717.2,638519.7000000001,58.1,True
2021-11-29,-0.12649646851656932,0.1583420373816682,0,0,-0.21136313851462737,0.21673003719874512,57239.940624999996,13717.2,584451.7000000001,58.6,True
2021-12-06,-0.02858087344715628,0.08149527918768432,0,0,0.05217480514149511,0.10915492919311645,56625.740000000005,13717.2,611759.05,61.1,True
2021-12-13,-0.09586091823575991,0.04739463000518701,0,0,0.035736491815505776,0.10320284660781905,55762.84225806452,13717.2,594808.9,55.3,True
2021-12-20,-0.10025473130733199,-0.039406593650312474,0,0,0.009248493668723793,0.15053763386904073,53266.0823987539,13717.2,604158.8,46.2,True
2021-12-27,0.47819325260184964,0.008127199973066681,0,0,0.8401846251415149,0.1818181811570248,56597.059076923084,13717.2,648003.3,59.4,True
2022-01-03,-0.1080731811222589,-0.03334338890637619,0,0,0.06619950868516634,0.11071428531887756,56420.3691318328,13717.2,517680.44999999995,36.3,False
2022-01-10,-0.06549720714818047,-0.020725845175670686,0,0,0.06619950868516634,0.13684210478301015,57327.6137345679,13717.2,621366.2,41.6,False
2022-01-17,-0.08736514126116658,-0.04474858481257213,0,0,0.09468793264870076,0.12195121908727799,56285.42173913044,13717.2,605124.1,41.0,False
2022-01-24,-0.10116121364445518,-0.0637518505264499,0,0,0.0776673298200519,0.129824560947984,55371.54239130434,13717.2,588675.8500000001,41.8,False
2022-01-31,-0.13304165295500972,-0.13428092817379825,0,0,-0.04119199457434562,0.11379310305588586,52008.05278637771,14429.1,530791.1,36.3,False
2022-02-07,-0.12329196651378752,-0.11089715656603759,0,0,-0.04119199457434562,0.14141414093799953,53232.3889380531,14429.1,581303.4500000001,45.7,False
2022-02-14,-0.12329196651378752,-0.12744890459386332,0,0,-0.04119199457434562,0.14285714239332098,51727.79857954546,14429.1,578307.45,42.5,False
2022-02-21,-0.14355565945941862,-0.14924524376121645,0,0,-0.06620071471854005,0.12698412658100278,50038.9823943662,8832.25,572031.6,52.7,True
2022-02-28,-0.1256817843764935,-0.14181676809138233,0,0,-0.044581916881138085,0.10429447820768566,49311.14611111111,6517.0,554503.6,66.2,True
2022-03-07,-0.08386229790058584,-0.11173522650031757,0,0,-0.044581916881138085,0.15360501519246078,50165.10434782608,6517.0,555361.7999999999,71.8,True
2022-03-14,-0.03857723586878807,-0.09683307461186422,0,0,-0.024005976254878908,0.17834394847661164,49877.91162162162,6517.0,559786.15,76.0,True
2022-03-21,-0.09635223397054589,-0.05627871545484193,0,0,-0.04958004683759258,0.12772585629991945,50018.31629834255,6517.0,533931.3,65.2,True
2022-03-28,-0.4629493204046727,-0.19353912033456477,0,0,-0.4786028914610321,0.1362229097949755,45795.643188010894,6517.0,510229.3,69.3,True
2022-04-04,-0.09576902873807043,-0.22947973504241861,0,0,-0.12865997789569517,0.2337662330072525,43472.90131578947,6135.85,588206.85,74.3,True
2022-04-11,-0.176581671524667,-0.2609314696246894,0,0,-0.12865997789569517,0.10843373461315141,41808.911413043475,6135.85,495343.45,68.4,True
2022-04-18,-0.15705601702605257,-0.24621449148645924,0,0,-0.12865997789569517,0.12345678974241732,42074.408653846156,6135.85,493761.8,67.2,True
2022-04-25,-0.15678924665489002,-0.23577831846351724,0,0,-0.12865997789569517,0.1253822626135099,41846.958695652174,6135.85,505117.2,66.0,True
2022-05-02,-0.1067956881280754,-0.2802845221431128,0,0,-0.07250700125799595,0.10060975579082392,38442.545706371195,6135.85,497254.1000000001,70.9,True
2022-05-09,-0.11391576121126028,-0.23754711507108647,0,0,-0.07250700125799595,-0.04444444432098765,39820.081976744186,6135.85,481978.35000000003,57.1,True
2022-05-16,-0.08276144391021825,-0.1914956325847216,0,0,-0.058779034645353036,-0.05277777763117284,41106.05483870968,6135.85,492436.69999999995,61.2,True
2022-05-23,-0.08384195229450891,-0.13498884282335002,0,0,-0.058779034645353036,-0.04709141261193515,42666.72456395349,6135.85,502015.85,72.1,True
2022-05-30,-0.31726124330395344,-0.22198759567010684,0,0,-0.3160556057180645,-0.07923497246110664,39108.9231454006,6135.85,465662.39999999997,67.5,True
2022-06-06,-0.07540439090413235,-0.18696429387295366,0,0,-0.05754683804017711,-0.13136729187300994,40670.634104938275,6135.85,496071.45000000007,61.0,True
2022-06-13,-0.07483423874454669,-0.14722419708979426,0,0,-0.05754683804017711,-0.1379310341168938,42085.72092307692,6135.85,492372.30000000005,69.8,True
2022-06-20,0.03573836960003208,-0.14179869629144973,0,0,0.04156727962433097,-0.08356545937725499,42835.83829787234,6135.85,504494.9,72.0,True
2022-06-27,0.22602249836301905,-0.02386419171735763,0,0,0.3183616720926184,-0.14248021070585695,43568.64399999999,6135.85,471531.9,60.7,True
2022-07-04,-0.027162288879254613,0.028120102074280506,0,0,-0.020617203952371595,-0.14247311789657763,42613.21645768026,8536.85,484024.45,57.2,True
2022-07-11,0.02249642207709354,0.034273712489926965,0,0,0.029958637322095968,-0.1941489356538592,42955.302475247525,8536.85,486177.64999999997,56.2,True
2022-07-18,0.02439526975772854,0.030666582275629427,0,0,0.03194899954575884,-0.11944444411265433,43639.04006309148,8536.85,488849.55000000005,56.2,True
2022-07-25,0.001960115722619657,0.11376551661721931,0,0,0.009096692533333254,-0.19466666614755557,45944.43509933774,8536.85,488079.2,68.6,True
